Workbook

Sheet Tong hop dieu kien
A1: KẾT QUẢ THỬ ỨNG DỤNG THEO ĐIỀU KIỆN CHỤP (Bảng 14)
A2: Ô màu vàng: nhóm điền. Số lần thử / đúng / thời gian tự lấy từ sheet "Ghi tung lan".
A4: STT | B4: Điều kiện | C4: Số lần thử | D4: Số lần đúng | E4: Tỷ lệ đúng (%) | F4: Thời gian TB (ms) | G4: Nhận xét
A5: 1 | B5: Ban ngày, đủ sáng, chụp chính diện | C5: =COUNTIF('Ghi tung lan'!$C:$C,B5) | D5: =COUNTIFS('Ghi tung lan'!$C:$C,B5,'Ghi tung lan'!$G:$G,1) | E5: =IF(C5>0,D5/C5*100,"") | F5: =IFERROR(AVERAGEIF('Ghi tung lan'!$C:$C,B5,'Ghi tung lan'!$I:$I),"")
A6: 2 | B6: Trời râm, âm u | C6: =COUNTIF('Ghi tung lan'!$C:$C,B6) | D6: =COUNTIFS('Ghi tung lan'!$C:$C,B6,'Ghi tung lan'!$G:$G,1) | E6: =IF(C6>0,D6/C6*100,"") | F6: =IFERROR(AVERAGEIF('Ghi tung lan'!$C:$C,B6,'Ghi tung lan'!$I:$I),"")
A7: 3 | B7: Chiều tối, có đèn đường | C7: =COUNTIF('Ghi tung lan'!$C:$C,B7) | D7: =COUNTIFS('Ghi tung lan'!$C:$C,B7,'Ghi tung lan'!$G:$G,1) | E7: =IF(C7>0,D7/C7*100,"") | F7: =IFERROR(AVERAGEIF('Ghi tung lan'!$C:$C,B7,'Ghi tung lan'!$I:$I),"")
A8: 4 | B8: Góc nghiêng khoảng 30° | C8: =COUNTIF('Ghi tung lan'!$C:$C,B8) | D8: =COUNTIFS('Ghi tung lan'!$C:$C,B8,'Ghi tung lan'!$G:$G,1) | E8: =IF(C8>0,D8/C8*100,"") | F8: =IFERROR(AVERAGEIF('Ghi tung lan'!$C:$C,B8,'Ghi tung lan'!$I:$I),"")
A9: 5 | B9: Khoảng cách 10 – 15 m | C9: =COUNTIF('Ghi tung lan'!$C:$C,B9) | D9: =COUNTIFS('Ghi tung lan'!$C:$C,B9,'Ghi tung lan'!$G:$G,1) | E9: =IF(C9>0,D9/C9*100,"") | F9: =IFERROR(AVERAGEIF('Ghi tung lan'!$C:$C,B9,'Ghi tung lan'!$I:$I),"")
A10: 6 | B10: Ảnh chọn từ thư viện | C10: =COUNTIF('Ghi tung lan'!$C:$C,B10) | D10: =COUNTIFS('Ghi tung lan'!$C:$C,B10,'Ghi tung lan'!$G:$G,1) | E10: =IF(C10>0,D10/C10*100,"") | F10: =IFERROR(AVERAGEIF('Ghi tung lan'!$C:$C,B10,'Ghi tung lan'!$I:$I),"")
B11: Tổng | C11: =SUM(C5:C10) | D11: =SUM(D5:D10) | E11: =IF(C11>0,D11/C11*100,"") | F11: =IFERROR(AVERAGE('Ghi tung lan'!I:I),"")

Sheet Ghi tung lan
A1: STT | B1: Ngày | C1: Điều kiện | D1: Thiết bị | E1: Biển thật (nhãn) | F1: App dự đoán (nhãn) | G1: Đúng (1/0) | H1: Độ tin cậy (%) | I1: Thời gian (ms) | J1: Chế độ máy bay | K1: Ghi chú
A2: 1 | G2: =IF(OR(E2="",F2=""),"",IF(E2=F2,1,0))
A3: 2 | G3: =IF(OR(E3="",F3=""),"",IF(E3=F3,1,0))
A4: 3 | G4: =IF(OR(E4="",F4=""),"",IF(E4=F4,1,0))
A5: 4 | G5: =IF(OR(E5="",F5=""),"",IF(E5=F5,1,0))
A6: 5 | G6: =IF(OR(E6="",F6=""),"",IF(E6=F6,1,0))
A7: 6 | G7: =IF(OR(E7="",F7=""),"",IF(E7=F7,1,0))
A8: 7 | G8: =IF(OR(E8="",F8=""),"",IF(E8=F8,1,0))
A9: 8 | G9: =IF(OR(E9="",F9=""),"",IF(E9=F9,1,0))
A10: 9 | G10: =IF(OR(E10="",F10=""),"",IF(E10=F10,1,0))
A11: 10 | G11: =IF(OR(E11="",F11=""),"",IF(E11=F11,1,0))
A12: 11 | G12: =IF(OR(E12="",F12=""),"",IF(E12=F12,1,0))
A13: 12 | G13: =IF(OR(E13="",F13=""),"",IF(E13=F13,1,0))
... A201: 200 | G201: =IF(OR(E201="",F201=""),"",IF(E201=F201,1,0))

Sheet Thiet bi
A1: KẾT QUẢ TRÊN CÁC THIẾT BỊ (Bảng 15)
A3: Thiết bị | B3: Hệ điều hành | C3: RAM | D3: Thời gian mở app (s) | E3: Thời gian nhận diện TB (ms) | F3: Chạy ngoại tuyến
E4: =IFERROR(AVERAGEIF('Ghi tung lan'!$D:$D,A4,'Ghi tung lan'!$I:$I),"")
E5: =IFERROR(AVERAGEIF('Ghi tung lan'!$D:$D,A5,'Ghi tung lan'!$I:$I),"")
E6: =IFERROR(AVERAGEIF('Ghi tung lan'!$D:$D,A6,'Ghi tung lan'!$I:$I),"")
A8: Cột "Thời gian nhận diện TB" tự tính từ sheet "Ghi tung lan" theo đúng tên thiết bị ở cột A.

Sheet Tinh F1
A1: TÍNH PRECISION, RECALL, F1 THEO TỪNG LỚP
A2: TP: ảnh của lớp này, máy đoán đúng. FP: ảnh lớp khác bị máy đoán thành lớp này. FN: ảnh lớp này bị máy đoán sang lớp khác.
A3: P = TP/(TP+FP); R = TP/(TP+FN); F1 = 2·P·R/(P+R). Lớp nào không có ảnh thử thì để trống, không tính vào trung bình.
A5: Nhãn | B5: Tên biển | C5: TP | D5: FP | E5: FN | F5: Precision | G5: Recall | H5: F1
A6: 0 | B6: Tốc độ tối đa 20 km/h | F6: =IF(C6="","",IF(C6+D6=0,0,C6/(C6+D6))) | G6: =IF(C6="","",IF(C6+E6=0,0,C6/(C6+E6))) | H6: =IF(C6="","",IF(F6+G6=0,0,2*F6*G6/(F6+G6)))
A7: 1 | B7: Tốc độ tối đa 30 km/h | F7: =IF(C7="","",IF(C7+D7=0,0,C7/(C7+D7))) | G7: =IF(C7="","",IF(C7+E7=0,0,C7/(C7+E7))) | H7: =IF(C7="","",IF(F7+G7=0,0,2*F7*G7/(F7+G7)))
A8: 2 | B8: Tốc độ tối đa 50 km/h | F8: =IF(C8="","",IF(C8+D8=0,0,C8/(C8+D8))) | G8: =IF(C8="","",IF(C8+E8=0,0,C8/(C8+E8))) | H8: =IF(C8="","",IF(F8+G8=0,0,2*F8*G8/(F8+G8)))
A9: 3 | B9: Tốc độ tối đa 60 km/h | F9: =IF(C9="","",IF(C9+D9=0,0,C9/(C9+D9))) | G9: =IF(C9="","",IF(C9+E9=0,0,C9/(C9+E9))) | H9: =IF(C9="","",IF(F9+G9=0,0,2*F9*G9/(F9+G9)))
A10: 4 | B10: Tốc độ tối đa 70 km/h | F10: =IF(C10="","",IF(C10+D10=0,0,C10/(C10+D10))) | G10: =IF(C10="","",IF(C10+E10=0,0,C10/(C10+E10))) | H10: =IF(C10="","",IF(F10+G10=0,0,2*F10*G10/(F10+G10)))
A11: 5 | B11: Tốc độ tối đa 80 km/h | F11: =IF(C11="","",IF(C11+D11=0,0,C11/(C11+D11))) | G11: =IF(C11="","",IF(C11+E11=0,0,C11/(C11+E11))) | H11: =IF(C11="","",IF(F11+G11=0,0,2*F11*G11/(F11+G11)))
A12: 6 | B12: Hết hạn chế tốc độ tối đa 80 km/h | F12: =IF(C12="","",IF(C12+D12=0,0,C12/(C12+D12))) | G12: =IF(C12="","",IF(C12+E12=0,0,C12/(C12+E12))) | H12: =IF(C12="","",IF(F12+G12=0,0,2*F12*G12/(F12+G12)))
A13: 7 | B13: Tốc độ tối đa 100 km/h | F13: =IF(C13="","",IF(C13+D13=0,0,C13/(C13+D13))) | G13: =IF(C13="","",IF(C13+E13=0,0,C13/(C13+E13))) | H13: =IF(C13="","",IF(F13+G13=0,0,2*F13*G13/(F13+G13)))
A14: 8 | B14: Tốc độ tối đa 120 km/h | F14: =IF(C14="","",IF(C14+D14=0,0,C14/(C14+D14))) | G14: =IF(C14="","",IF(C14+E14=0,0,C14/(C14+E14))) | H14: =IF(C14="","",IF(F14+G14=0,0,2*F14*G14/(F14+G14)))
A15: 9 | B15: Cấm vượt | F15: =IF(C15="","",IF(C15+D15=0,0,C15/(C15+D15))) | G15: =IF(C15="","",IF(C15+E15=0,0,C15/(C15+E15))) | H15: =IF(C15="","",IF(F15+G15=0,0,2*F15*G15/(F15+G15)))
A16: 10 | B16: Cấm xe ô tô tải vượt | F16: =IF(C16="","",IF(C16+D16=0,0,C16/(C16+D16))) | G16: =IF(C16="","",IF(C16+E16=0,0,C16/(C16+E16))) | H16: =IF(C16="","",IF(F16+G16=0,0,2*F16*G16/(F16+G16)))
A17: 11 | B17: Giao nhau với đường không ưu tiên | F17: =IF(C17="","",IF(C17+D17=0,0,C17/(C17+D17))) | G17: =IF(C17="","",IF(C17+E17=0,0,C17/(C17+E17))) | H17: =IF(C17="","",IF(F17+G17=0,0,2*F17*G17/(F17+G17)))
... A48: 42 | B48: Hết cấm xe ô tô tải vượt | F48: =IF(C48="","",IF(C48+D48=0,0,C48/(C48+D48))) | G48: =IF(C48="","",IF(C48+E48=0,0,C48/(C48+E48))) | H48: =IF(C48="","",IF(F48+G48=0,0,2*F48*G48/(F48+G48)))
B49: Trung bình (Macro) | F49: =IFERROR(AVERAGE(F6:F48),"") | G49: =IFERROR(AVERAGE(G6:G48),"") | H49: =IFERROR(AVERAGE(H6:H48),"")
